family,max_capacity,rental_cost,fuel_cost,radius_cost,speed,parking_time,fourier_cos_0,fourier_sin_0,fourier_cos_1,fourier_sin_1,fourier_cos_2,fourier_sin_2,fourier_cos_3,fourier_sin_3
1,800,260,0.0005,0.0009705352210466934,12.29,400,1.22,0.0,-0.19,-0.14,-0.03,-0.01,0.03,0.06
2,1800,390,0.00083,0.0009705352210466934,11.46,500,1.18,0.0,-0.16,-0.12,-0.02,-0.0,0.03,0.06
3,2700,410,0.00117,0.0009705352210466934,11.46,500,1.18,0.0,-0.16,-0.12,-0.02,-0.0,0.03,0.06
